Book Id,Title,Author,Author l-f,Additional Authors,ISBN,ISBN13,My Rating,Average Rating,Publisher,Binding,Number of Pages,Year Published,Original Publication Year,Date Read,Date Added,Bookshelves,Bookshelves with positions,Exclusive Shelf,My Review,Spoiler,Private Notes,Read Count,Owned Copies
23432318,BrainScripts for Sales Success: 21 Hidden Principles of Consumer Psychology for Winning New Customers,Drew Eric Whitman,"Whitman, Drew Eric",,"=""""","=""""",3,3.99,McGraw-Hill Education,Kindle Edition,226,2014,2014,2023/01/03,2022/12/17,,,read,,,,1,0
7332,The Silmarillion,J.R.R. Tolkien,"Tolkien, J.R.R.","Christopher Tolkien, Ted Nasmith","=""0618391118""","=""9780618391110""",0,3.98,Houghton Mifflin Company,Hardcover,386,2004,1977,,2023/01/02,to-read,to-read (#188),to-read,,,,0,0
7329,Unfinished Tales of Númenor and Middle-Earth,J.R.R. Tolkien,"Tolkien, J.R.R.",Christopher Tolkien,"=""026110215X""","=""9780261102156""",0,3.99,HarperCollins Publishers,Hardcover,452,2000,1980,,2023/01/02,to-read,to-read (#187),to-read,,,,0,0
40961621,"King Leopold's Ghost: A Story of Greed, Terror, and Heroism in Colonial Africa",Adam Hochschild,"Hochschild, Adam",,"=""""","=""""",5,4.15,Mariner Books,Kindle Edition,442,1999,1998,,2021/09/21,,,read,,,,1,0
261228,A History of My Times,Xenophon,"Xenophon, Xenophon","George Cawkwell, Rex Warner","=""0140441751""","=""9780140441758""",0,4.03,Penguin Books,Paperback,432,1979,,,2022/09/04,currently-reading,currently-reading (#1),currently-reading,,,,1,0
18428492,Deep Risk: How History Informs Portfolio Design,William J. Bernstein,"Bernstein, William J.",,"=""0988780313""","=""9780988780316""",0,4.23,Efficient Frontier Publications,Paperback,56,2013,2013,,2022/12/10,to-read,to-read (#186),to-read,,,,0,0
22458444,Rational Expectations: Asset Allocation for Investing Adults (Investing for Adults Book 4),William J. Bernstein,"Bernstein, William J.",,"=""""","=""""",0,4.31,Efficient Frontier Publications,Kindle Edition,216,2014,2014,,2022/12/10,to-read,to-read (#185),to-read,,,,0,0
6720027,"The Investor's Manifesto: Preparing for Prosperity, Armageddon, and Everything in Between",William J. Bernstein,"Bernstein, William J.",,"=""0470505141""","=""9780470505144""",0,4.15,Wiley,Hardcover,201,2009,2004,,2022/12/10,to-read,to-read (#184),to-read,,,,0,0
94560,The Birth of Plenty: How the Prosperity of the Modern World Was Created,William J. Bernstein,"Bernstein, William J.",,"=""0071421920""","=""9780071421928""",0,4.20,McGraw-Hill,Hardcover,420,2004,2004,,2022/12/10,to-read,to-read (#183),to-read,,,,0,0
208722,The Intelligent Asset Allocator: How to Build Your Portfolio to Maximize Returns and Minimize Risk,William J. Bernstein,"Bernstein, William J.",,"=""0071362363""","=""9780071362368""",0,4.21,McGraw-Hill Education,Hardcover,224,2000,2000,,2022/12/10,to-read,to-read (#182),to-read,,,,0,0
2413423,A Splendid Exchange: How Trade Shaped the World from Prehistory to Today,William J. Bernstein,"Bernstein, William J.",,"=""0871139790""","=""9780871139795""",0,4.15,Atlantic Monthly Press,Hardcover,384,2008,2008,,2022/12/10,to-read,to-read (#181),to-read,,,,0,0
79351,The Four Pillars of Investing,William J. Bernstein,"Bernstein, William J.",Donald G. Coxe,"=""0071385290""","=""9780071385299""",0,4.23,McGraw-Hill Companies,Hardcover,240,2002,2002,,2022/12/10,to-read,to-read (#180),to-read,,,,0,0
59883560,"Prisoners of the Castle: An Epic Story of Survival and Escape from Colditz, the Nazis' Fortress Prison",Ben Macintyre,"Macintyre, Ben",,"=""0593136330""","=""9780593136331""",0,4.30,Crown Publishing Group (NY),Hardcover,368,2022,2022,,2022/12/10,to-read,to-read (#179),to-read,,,,0,0
60194141,The Escape Artist: The Man Who Broke Out of Auschwitz to Warn the World,Jonathan Freedland,"Freedland, Jonathan",,"=""0063112337""","=""9780063112339""",0,4.50,Harper,Hardcover,400,2022,2022,,2022/12/10,to-read,to-read (#178),to-read,,,,0,0
25812847,The Silk Roads: A New History of the World,Peter Frankopan,"Frankopan, Peter",,"=""1408839970""","=""9781408839973""",0,4.17,Bloomsbury,Hardcover,636,2015,2016,,2022/12/04,to-read,to-read (#177),to-read,,,,0,0
39020,1491: New Revelations of the Americas Before Columbus,Charles C. Mann,"Mann, Charles C.",,"=""1400032059""","=""9781400032051""",0,4.03,Vintage,Paperback,563,2006,2005,,2022/12/04,to-read,to-read (#176),to-read,,,,0,0
10046142,Dancing in the Glory of Monsters: The Collapse of the Congo and the Great War of Africa,Jason K. Stearns,"Stearns, Jason K.",,"=""1586489291""","=""9781586489298""",0,4.17,PublicAffairs,Hardcover,400,2011,2010,,2022/12/04,to-read,to-read (#175),to-read,,,,0,0
40961640,"Spain in Our Hearts: Americans in the Spanish Civil War, 1936-1939",Adam Hochschild,"Hochschild, Adam",,"=""""","=""""",0,4.21, Mariner Books; Reprint edition,Kindle Edition,485,2016,2016,,2022/12/04,to-read,to-read (#174),to-read,,,,0,0
55151129,The Public Speaking Bible; a Survival Guide for Standing on Stage,Marcus Alexander,"Alexander, Marcus",,"=""""","=""9780955891212""",3,4.57,,Paperback,210,2020,,2022/08/01,2022/08/20,,,read,,,,1,0
52962238,Principles For Dealing With the Changing World Order: Why Nations Succeed and Fail,Ray Dalio,"Dalio, Ray",,"=""1982160276""","=""9781982160272""",5,4.33,Avid Reader Press / Simon  Schuster,Hardcover,576,2021,2021,2022/05/01,2022/03/12,,,read,,,,2,0
41721428,Can't Hurt Me: Master Your Mind and Defy the Odds,David Goggins,"Goggins, David",,"=""""","=""""",2,4.36,Lioncrest Publishing,Kindle Edition,366,2018,2018,2022/01/01,2022/01/23,,,read,,,,2,0
33584554,Mastering Ethereum: Building Smart Contracts and DApps,Andreas M. Antonopoulos,"Antonopoulos, Andreas M.",Gavin Wood,"=""1491971940""","=""9781491971949""",4,4.31,O'Reilly Media,Paperback,424,2018,,2022/05/01,2021/12/02,,,read,,,,2,0
21852252,If You Can: How Millennials Can Get Rich Slowly,William J. Bernstein,"Bernstein, William J.",,"=""""","=""""",4,4.21,Efficient Frontier Publications,Kindle Edition,50,2014,2014,2021/10/01,2021/10/09,,,read,,,,1,0
18077903,"Creativity, Inc.: Overcoming the Unseen Forces That Stand in the Way of True Inspiration",Ed Catmull,"Catmull, Ed",Amy    Wallace,"=""0812993012""","=""9780812993011""",4,4.21,Random House,Hardcover,368,2014,2014,2022/05/01,2022/03/19,,,read,,,,2,0
18050143,"Zero to One: Notes on Startups, or How to Build the Future",Peter Thiel,"Thiel, Peter",Blake  Masters,"=""0804139296""","=""9780804139298""",5,4.18,Crown Business,Hardcover,195,2014,2014,2022/08/01,2021/08/17,,,read,,,,1,0
12609433,The Power of Habit: Why We Do What We Do in Life and Business,Charles Duhigg,"Duhigg, Charles",,"=""1400069289""","=""9781400069286""",3,4.13,Random House,Hardcover,375,2012,2012,2021/08/01,2021/08/17,,,read,,,,1,0
10127019,The Lean Startup: How Today's Entrepreneurs Use Continuous Innovation to Create Radically Successful Businesses,Eric Ries,"Ries, Eric",,"=""0307887898""","=""9780307887894""",3,4.11,Currency,Hardcover,299,2011,2011,2022/09/01,2021/07/31,,,read,,,,3,0
31195828,Selling You!,Napoleon Hill,"Hill, Napoleon",,"=""""","=""""",3,4.18,Grand Harbor Press,Kindle Edition,256,2016,1988,2021/08/01,2021/08/28,,,read,,,,2,0
25698,An Inquiry into the Nature and Causes of the Wealth of Nations,Adam Smith,"Smith, Adam",,"=""0226763749""","=""9780226763743""",3,3.88,University Of Chicago Press,Paperback,1076,1977,1776,2022/08/01,2022/08/07,,,read,,,,2,0
588138,The Hero With a Thousand Faces,Joseph Campbell,"Campbell, Joseph",,"=""0691017840""","=""9780691017846""",2,4.14,Princeton University Press,Paperback,416,1972,1949,2022/05/01,2022/03/26,,,read,,,,2,0
381355,The Bogleheads' Guide to Investing,Taylor Larimore,"Larimore, Taylor","Michael LeBoeuf, Mel Lindauer","=""0471730335""","=""9780471730330""",4,4.29,John Wiley & Sons,Hardcover,307,2006,2006,2021/09/01,2021/11/13,,,read,,,,2,0
49099937,No Rules Rules: Netflix and the Culture of Reinvention,Reed Hastings,"Hastings, Reed",Erin Meyer,"=""0593152387""","=""9780593152386""",0,4.30,Random House Large Print Publishing,Paperback,464,2020,2020,,2022/12/03,to-read,to-read (#173),to-read,,,,0,0
6480781,Open,Andre Agassi,"Agassi, Andre","J.R. Moehringer, Андре Агаси","=""0307268195""","=""9780307268198""",0,4.28,Knopf,Hardcover,388,2009,2009,,2022/12/03,to-read,to-read (#172),to-read,,,,0,0
38820046,21 Lessons for the 21st Century,Yuval Noah Harari,"Harari, Yuval Noah",,"=""0525512179""","=""9780525512172""",0,4.18,Random House,Hardcover,372,2018,2018,,2022/12/03,to-read,to-read (#171),to-read,,,,0,0
62337991,The Genius of Algorand: Technical Elegance and the DeFi Revolution,Anthony Scaramucci,"Scaramucci, Anthony",,"=""1637588712""","=""9781637588710""",0,4.67,,Paperback,,2022,,,2022/11/11,to-read,to-read (#170),to-read,,,,0,0
40651883,Snow Crash,Neal Stephenson,"Stephenson, Neal",,"=""""","=""""",0,4.03,Spectra,Kindle Edition,559,2003,1992,,2022/10/29,to-read,to-read (#169),to-read,,,,0,0
41974111,Life’s Amazing Secrets: How to Find Balance and Purpose in Your Life,Gaur Gopal Das,"Das, Gaur Gopal",,"=""""","=""""",3,4.24,Penguin Ananda,Kindle Edition,169,2018,2018,2022/10/27,2022/04/06,,,read,,,,1,0
25980294,Deep Work: Rules for Focused Success in a Distracted World,Cal Newport,"Newport, Cal",,"=""""","=""""",4,4.19,Grand Central Publishing,Kindle Edition,287,2016,2016,2022/10/13,2021/09/06,,,read,,,,1,0
145055,Algorithm Design,Jon Kleinberg,"Kleinberg, Jon",Éva Tardos,"=""0321295358""","=""9780321295354""",0,4.16,Pearson,Hardcover,864,2005,2005,,2022/10/02,to-read,to-read (#168),to-read,,,,0,0
12836498,Mathematics for Computer Science,Eric Lehman,"Lehman, Eric","F. Thomson Leighton, Albert R. Meyer","=""""","=""""",0,3.91,MIT,ebook,1048,2010,2010,,2022/10/02,to-read,to-read (#167),to-read,,,,0,0
16158498,Give and Take: A Revolutionary Approach to Success,Adam M. Grant,"Grant, Adam M.",,"=""0670026557""","=""9780670026555""",0,4.07,Viking,Hardcover,320,2013,2013,,2022/09/29,to-read,to-read (#166),to-read,,,,0,0
18774655,Flask Web Development: Developing Web Applications with Python,Miguel Grinberg,"Grinberg, Miguel",,"=""1449372627""","=""9781449372620""",0,4.20,O'Reilly Media,Paperback,225,2014,2014,,2022/09/22,to-read,to-read (#165),to-read,,,,0,0
1335019,Necronomicon: The Best Weird Tales,H.P. Lovecraft,"Lovecraft, H.P.","Les Edwards, Stephen              Jones","=""0575081562""","=""9780575081567""",0,4.20,"Gollancz, Great Britain",Hardcover,878,2008,2008,,2022/09/15,to-read,to-read (#164),to-read,,,,0,0
19048144,Code of the Samurai: A Modern Translation of the Bushido Shoshinshu of Taira Shigesuke: A Contemporary Translation of the Bushido Shoshins,Daidōji Yūzan,"Yūzan, Daidōji","Thomas Cleary, Oscar Ratti","=""""","=""""",3,4.04,Tuttle Publishing,Kindle Edition,130,2011,1943,2022/08/21,2021/08/28,,,read,,,,1,0
8205855,"The 4 Hour Workweek, Expanded And Updated: Expanded And Updated, With Over 100 New Pages Of Cutting Edge Content",Timothy Ferriss,"Ferriss, Timothy",,"=""""","=""""",4,3.92,Harmony,Kindle Edition,416,2009,2007,2022/09/08,2021/08/17,,,read,,,,1,0
68542,"The History of Rome, Books 1-5: The Early History of Rome",Livy,"Livy, Livy","Aubrey de Sélincourt, Robert Maxwell Ogilvie, Stephen P. Oakley","=""0140448098""","=""9780140448092""",0,3.95,Penguin Classics,Paperback,488,2002,-29,,2022/09/04,to-read,to-read (#163),to-read,,,,0,0
1362,The Histories,Herodotus,"Herodotus, Herodotus","Aubrey de Sélincourt, John M. Marincola, William Beloe, Henry Creswicke Rawlinson, George Campbell Macaulay","=""0140449086""","=""9780140449082""",0,3.99,Penguin Books,Paperback,716,2003,-450,,2022/09/04,to-read,to-read (#162),to-read,,,,0,0
261243,History of the Peloponnesian War,Thucydides,"Thucydides, Thucydides","Moses I. Finley, Rex Warner, Joseph Wasse","=""0140440399""","=""9780140440393""",0,3.89,Penguin Books,Paperback,648,1972,-411,,2022/09/04,to-read,to-read (#161),to-read,,,,0,0
25574,Common Stocks and Uncommon Profits and Other Writings,Philip A. Fisher,"Fisher, Philip A.",Kenneth L. Fisher,"=""0471445509""","=""9780471445500""",0,4.13,Wiley,Paperback,292,2003,1957,,2022/09/04,to-read,to-read (#160),to-read,,,,0,0
965633,Stocks for the Long Run,Jeremy J. Siegel,"Siegel, Jeremy J.",,"=""007137048X""","=""9780071370486""",0,4.10,McGraw-Hill Companies,Hardcover,383,2002,1994,,2022/09/04,to-read,to-read (#159),to-read,,,,0,0
381440,The Society of the Spectacle,Guy Debord,"Debord, Guy",Donald Nicholson-Smith,"=""0942299795""","=""9780942299793""",0,4.02,Zone Books,Paperback,160,1995,1967,,2022/08/30,to-read,to-read (#158),to-read,,,,0,0
54870131,The Day the World Stops Shopping: How Ending Consumerism Saves the Environment and Ourselves,J.B. MacKinnon,"MacKinnon, J.B.",,"=""0062856022""","=""9780062856029""",0,4.27,Ecco,Hardcover,336,2021,2021,,2022/08/30,to-read,to-read (#157),to-read,,,,0,0
57213320,"Consumed: On Colonialism, Climate Change, Consumerism, and the Need for Collective Change",Aja Barber,"Barber, Aja",,"=""1914240049""","=""9781914240041""",0,4.08,Brazen ,Hardcover,288,2021,2021,,2022/08/30,to-read,to-read (#156),to-read,,,,0,0
51942313,Principles for Success,Ray Dalio,"Dalio, Ray",,"=""1982147210""","=""9781982147211""",0,4.32,Avid Reader Press / Simon  Schuster,Hardcover,160,2019,2019,2022/03/01,2022/03/12,to-read,to-read (#89),to-read,,,,1,0
55317655,Millennial Millionaire: Optimize Your Financial Life and Get Rich,Blake Konrardy,"Konrardy, Blake",Taylor Larimore,"=""""","=""""",0,4.36,,Kindle Edition,210,2020,,2022/03/01,2022/03/05,to-read,to-read (#88),to-read,,,,1,0
38821039,The Making of a Manager: What to Do When Everyone Looks to You,Julie Zhuo,"Zhuo, Julie",,"=""0735219567""","=""9780735219564""",0,4.23,Portfolio,Hardcover,288,2019,2019,,2022/08/24,to-read,to-read (#155),to-read,,,,0,0
2691332,How to Develop a Perfect Memory,Dominic O'Brien,"O'Brien, Dominic",,"=""0747245177""","=""9780747245179""",0,4.15,Headline Book Publishing,Paperback,288,1994,1993,,2022/08/23,to-read,to-read (#154),to-read,,,,0,0
243601,"Imperium (Cicero, #1)",Robert   Harris,"Harris, Robert",,"=""074326603X""","=""9780743266031""",0,4.11,Simon & Schuster,Hardcover,305,2006,2006,,2022/08/23,to-read,to-read (#153),to-read,,,,0,0
3629971,"Conspirata (Cicero, #2)",Robert   Harris,"Harris, Robert",,"=""0743266102""","=""9780743266109""",0,4.23,Simon & Schuster,Hardcover,340,2010,2009,,2022/08/23,to-read,to-read (#152),to-read,,,,0,0
25488982,"Dictator (Cicero, #3)",Robert   Harris,"Harris, Robert",,"=""0307957942""","=""9780307957948""",0,4.39,Knopf,Hardcover,385,2016,2015,,2022/08/23,to-read,to-read (#151),to-read,,,,0,0
89231,Augustus,John  Williams,"Williams, John",,"=""1400076730""","=""9781400076734""",0,4.23,Vintage,Paperback,336,2004,1972,,2022/08/23,to-read,to-read (#150),to-read,,,,0,0
480570,"The First Man in Rome (Masters of Rome, #1)",Colleen McCullough,"McCullough, Colleen",,"=""0380710811""","=""9780380710812""",0,4.12,Avon,Paperback,1076,1991,1990,,2022/08/23,to-read,to-read (#149),to-read,,,,0,0
8719,Julian,Gore Vidal,"Vidal, Gore",,"=""""","=""""",0,4.21,Vintage,Paperback,528,2003,1964,,2022/08/23,to-read,to-read (#148),to-read,,,,0,0
18765,"I, Claudius (Claudius, #1)",Robert Graves,"Graves, Robert",,"=""067972477X""","=""9780679724773""",0,4.24,Vintage,Paperback,468,1989,1934,,2022/08/23,to-read,to-read (#147),to-read,,,,0,0
54427153,"Take More Vacations: How to Search Better, Book Cheaper, and Travel the World",Scott Keyes,"Keyes, Scott",,"=""0062993542""","=""9780062993540""",5,4.02,Harper Wave,Paperback,304,2021,,,2021/12/11,,,read,,,,1,0
23522,Mythology,Edith Hamilton,"Hamilton, Edith",Steele Savage,"=""0316341517""","=""9780316341516""",0,4.02,"Little, Brown and Company",Paperback,497,1998,1942,,2022/08/21,to-read,to-read (#146),to-read,,,,0,0
45731395,The Deficit Myth: Modern Monetary Theory and the Birth of the People's Economy,Stephanie Kelton,"Kelton, Stephanie",,"=""1541736184""","=""9781541736184""",0,4.08,PublicAffairs,Hardcover,336,2020,2020,,2022/08/21,to-read,to-read (#145),to-read,,,,0,0
354865,Catholicism: The Story of Catholic Christianity,Gerald O'Collins,"O'Collins, Gerald",Mario Farrugia,"=""019925995X""","=""9780199259953""",0,3.97,"Oxford University Press, USA",Paperback,409,2004,2003,,2022/08/21,to-read,to-read (#144),to-read,,,,0,0
28862,The Prince,Niccolò Machiavelli,"Machiavelli, Niccolò","Rufus Goodwin, Benjamin Martinez, W.K. Marriott, Denis Daly, Μαρία Κασωτάκη","=""0937832383""","=""9780937832387""",0,3.83,Dante University of America Press,Paperback,140,2003,1513,,2022/08/21,to-read,to-read (#143),to-read,,,,0,0
630406,Cesare Borgia: His Life and Times,Sarah Bradford,"Bradford, Sarah",,"=""1842124528""","=""9781842124529""",0,4.28,Phoenix,Paperback,336,2001,1976,,2022/08/21,to-read,to-read (#142),to-read,,,,0,0
81948,The E-Myth Revisited: Why Most Small Businesses Don't Work and What to Do About It,Michael E. Gerber,"Gerber, Michael E.",,"=""0887307280""","=""9780887307287""",0,4.05,Harper Business,Paperback,269,1995,1985,,2022/08/19,to-read,to-read (#141),to-read,,,,0,0
2612,The Tipping Point: How Little Things Can Make a Big Difference,Malcolm Gladwell,"Gladwell, Malcolm",,"=""0316346624""","=""9780316346627""",0,4.00,Time Warner Book Group,Paperback,301,2002,2000,,2022/08/19,to-read,to-read (#140),to-read,,,,0,0
6732019,Rework,Jason Fried,"Fried, Jason",David Heinemeier Hansson,"=""0307463745""","=""9780307463746""",0,3.97,Crown Business,Hardcover,279,2010,2010,,2022/08/19,to-read,to-read (#139),to-read,,,,0,0
6828896,"Delivering Happiness: A Path to Profits, Passion, and Purpose",Tony Hsieh,"Hsieh, Tony",,"=""0446563048""","=""9780446563048""",0,4.03,Grand Central Publishing,Hardcover,246,2010,2010,,2022/08/13,to-read,to-read (#138),to-read,,,,0,0
21343,The Five Dysfunctions of a Team: A Leadership Fable,Patrick Lencioni,"Lencioni, Patrick",,"=""0787960756""","=""9780787960759""",0,4.09,Jossey-Bass,Hardcover,227,2002,2002,,2022/08/13,to-read,to-read (#137),to-read,,,,0,0
2615,The Innovator's Dilemma: The Revolutionary Book that Will Change the Way You Do Business,Clayton M. Christensen,"Christensen, Clayton M.",L.J. Ganser,"=""0060521996""","=""9780060521998""",0,4.04,Harper Paperbacks,Paperback,286,2003,1997,,2022/08/13,to-read,to-read (#136),to-read,,,,0,0
28815,Influence: The Psychology of Persuasion,Robert B. Cialdini,"Cialdini, Robert B.",,"=""006124189X""","=""9780061241895""",0,4.21,Harper Business,Paperback,320,2006,1984,,2022/08/13,to-read,to-read (#135),to-read,,,,0,0
37903770,Norse Mythology,Neil Gaiman,"Gaiman, Neil",,"=""""","=""""",0,4.10,W. W. Norton & Company,Paperback,301,2018,2017,,2022/08/13,to-read,to-read (#134),to-read,,,,0,0
26156469,Never Split the Difference: Negotiating As If Your Life Depended On It,Chris Voss,"Voss, Chris",Tahl Raz,"=""0062407805""","=""9780062407801""",0,4.37,Harper Business,Hardcover,274,2016,2016,,2022/08/13,to-read,to-read (#133),to-read,,,,0,0
38315,Fooled by Randomness: The Hidden Role of Chance in Life and in the Markets,Nassim Nicholas Taleb,"Taleb, Nassim Nicholas",,"=""0812975219""","=""9780812975215""",0,4.08,Random House Trade Paperbacks,Paperback,368,2005,2001,,2022/08/13,to-read,to-read (#132),to-read,,,,0,0
54898389,The Almanack of Naval Ravikant: A Guide to Wealth and Happiness,Eric Jorgenson,"Jorgenson, Eric",,"=""""","=""9781544514208""",0,4.50,Magrathea Publishing,ebook,244,2020,2020,,2022/08/13,to-read,to-read (#131),to-read,,,,0,0
31823677,"Tools of Titans: The Tactics, Routines, and Habits of Billionaires, Icons, and World-Class Performers",Timothy Ferriss,"Ferriss, Timothy",Arnold Schwarzenegger,"=""""","=""""",0,4.10,Houghton Mifflin Harcourt,Kindle Edition,707,2016,2016,,2022/08/13,to-read,to-read (#130),to-read,,,,0,0
18176747,The Hard Thing About Hard Things: Building a Business When There Are No Easy Answers,Ben Horowitz,"Horowitz, Ben",,"=""0062273205""","=""9780062273208""",0,4.23,Harper Business,Hardcover,304,2014,2014,,2022/08/13,to-read,to-read (#129),to-read,,,,0,0
1303,The 48 Laws of Power,Robert Greene,"Greene, Robert",Joost Elffers,"=""0140280197""","=""9780140280197""",0,4.15,Penguin Books,Paperback,452,2000,1998,,2022/08/13,to-read,to-read (#128),to-read,,,,0,0
13623848,The Song of Achilles,Madeline Miller,"Miller, Madeline",,"=""""","=""""",0,4.37,Ecco,Paperback,378,2012,2011,,2022/08/13,to-read,to-read (#127),to-read,,,,0,0
22551730,Dead Wake: The Last Crossing of the Lusitania,Erik Larson,"Larson, Erik",,"=""0307408868""","=""9780307408860""",0,4.10,Crown Publishers,Hardcover,430,2015,2015,,2022/08/13,to-read,to-read (#126),to-read,,,,0,0
40718726,Genghis Khan and the Making of the Modern World,Jack Weatherford,"Weatherford, Jack",,"=""""","=""""",0,4.03,Broadway Books,Kindle Edition,352,2005,2004,,2022/08/13,to-read,to-read (#125),to-read,,,,0,0
40779082,The Guns of August,Barbara W. Tuchman,"Tuchman, Barbara W.",,"=""""","=""""",0,4.16,Random House,Kindle Edition,658,2009,1962,,2022/08/13,to-read,to-read (#124),to-read,,,,0,0
28789711,SPQR: A History of Ancient Rome,Mary Beard,"Beard, Mary",,"=""1631492225""","=""9781631492228""",0,4.04,Liveright,Paperback,606,2016,2015,,2022/08/13,to-read,to-read (#123),to-read,,,,0,0
2767,A People's History of the United States,Howard Zinn,"Zinn, Howard",,"=""0060838655""","=""9780060838652""",0,4.07,Harper Perennial,Paperback,729,2005,1980,,2022/08/13,to-read,to-read (#122),to-read,,,,0,0
1842,"Guns, Germs, and Steel: The Fates of Human Societies",Jared Diamond,"Diamond, Jared","Tatjana Bižić, Gordana Vučićević","=""0739467352""","=""9780739467350""",0,4.04,W.W. Norton & Company,Paperback,498,2005,1997,,2022/08/13,to-read,to-read (#121),to-read,,,,0,0
27,Neither Here nor There: Travels in Europe,Bill Bryson,"Bryson, Bill",,"=""0380713802""","=""9780380713806""",0,3.85,William Morrow Paperbacks,Paperback,254,1993,1991,,2022/08/13,to-read,to-read (#120),to-read,,,,0,0
7126,The Count of Monte Cristo,Alexandre Dumas,"Dumas, Alexandre",Robin Buss,"=""0140449264""","=""9780140449266""",0,4.28,Penguin Classics,Paperback,1276,2003,1844,,2022/08/13,to-read,to-read (#119),to-read,,,,0,0
30359031,The Viking Spirit: An Introduction to Norse Mythology and Religion,Daniel McCoy,"McCoy, Daniel",,"=""""","=""""",0,4.17,,Kindle Edition,319,2016,2016,,2022/05/26,to-read,to-read (#118),to-read,,,,0,0
22668729,Hooked: How to Build Habit-Forming Products,Nir   Eyal,"Eyal, Nir",,"=""1591847788""","=""9781591847786""",3,4.10,Portfolio,Hardcover,256,2014,2013,2022/05/18,2021/10/09,,,read,,,,1,0
7671808,Winning in Emerging Markets: A Road Map for Strategy and Execution,Tarun Khanna,"Khanna, Tarun",,"=""1422166953""","=""9781422166956""",0,3.90,Harvard Business Review Press,Hardcover,272,2010,2010,,2022/05/14,to-read,to-read (#117),to-read,,,,0,0
5270725,Emillions: Behind-The-Scenes Stories of 14 Successful Internet Millionaires,Stanley Tang,"Tang, Stanley",Mark Joyner,"=""1933596198""","=""9781933596198""",0,3.86,Morgan James Publishing,Paperback,243,2008,2008,,2022/04/25,to-read,to-read (#116),to-read,,,,0,0
23349901,Percy Jackson's Greek Heroes,Rick Riordan,"Riordan, Rick",John Rocco,"=""1423183657""","=""9781423183655""",0,4.45,Disney-Hyperion Books,Hardcover,404,2015,2015,,2022/04/11,to-read,to-read (#115),to-read,,,,0,0
20829994,Percy Jackson's Greek Gods,Rick Riordan,"Riordan, Rick",John Rocco,"=""""","=""""",0,4.46,Disney Hyperion,Kindle Edition,417,2014,2014,,2022/04/11,to-read,to-read (#114),to-read,,,,0,0
35074096,"Mythos: The Greek Myths Retold (Stephen Fry's Great Mythology, #1)",Stephen Fry,"Fry, Stephen",,"=""0718188721""","=""9780718188726""",0,4.27,Michael Joseph,Hardcover,416,2017,2017,,2022/04/11,to-read,to-read (#113),to-read,,,,0,0
34941133,Principles: Life and Work,Ray Dalio,"Dalio, Ray",,"=""""","=""""",5,4.12,Simon & Schuster,Kindle Edition,593,2017,2017,2022/04/10,2022/03/19,,,read,,,,1,0
35525995,"Attack of the 50 Foot Blockchain: Bitcoin, Blockchain, Ethereum & Smart Contracts",David    Gerard,"Gerard, David",,"=""""","=""""",0,3.98,,Kindle Edition,182,2017,2017,,2022/04/09,to-read,to-read (#112),to-read,,,,0,0
53238858,"What Happened To You?: Conversations on Trauma, Resilience, and Healing",Bruce D. Perry,"Perry, Bruce D.",Oprah Winfrey,"=""1250223180""","=""9781250223180""",0,4.47,Flatiron Books: An Oprah Book,Hardcover,304,2021,2021,,2022/04/06,to-read,to-read (#111),to-read,,,,0,0
26114571,The Code of the Extraordinary Mind: 10 Unconventional Laws to Redefine Your Life and Succeed On Your Own Terms,Vishen Lakhiani,"Lakhiani, Vishen",,"=""1623367085""","=""9781623367084""",0,4.04,Rodale Books,Hardcover,288,2016,2016,,2022/04/05,to-read,to-read (#110),to-read,,,,0,0
99315,A Whole New Mind: Why Right-Brainers Will Rule the Future,Daniel H. Pink,"Pink, Daniel H.",,"=""1594481717""","=""9781594481710""",0,3.91,Riverhead Books,Paperback,275,2006,2004,,2022/03/31,to-read,to-read (#109),to-read,,,,0,0
157993,The Little Prince,Antoine de Saint-Exupéry,"Saint-Exupéry, Antoine de",Richard Howard,"=""""","=""""",0,4.32,"Harcourt, Inc.",Paperback,96,2000,1943,,2022/03/31,to-read,to-read (#108),to-read,,,,0,0
4671,The Great Gatsby,F. Scott Fitzgerald,"Fitzgerald, F. Scott",,"=""""","=""""",0,3.93,Scribner,Paperback,180,2004,1925,,2022/03/31,to-read,to-read (#107),to-read,,,,0,0
82256,The Sovereign Individual: Mastering the Transition to the Information Age,James Dale Davidson,"Davidson, James Dale",William Rees-Mogg,"=""0684832720""","=""9780684832722""",0,4.22,Touchstone,Paperback,448,1999,1997,,2022/03/31,to-read,to-read (#106),to-read,,,,0,0
78159,The Story of Civilization (11 Volume Set),Will Durant,"Durant, Will",Ariel Durant,"=""1567310230""","=""9781567310238""",0,4.42,MJF Books,Paperback,14777,1993,1975,,2022/03/31,to-read,to-read (#105),to-read,,,,0,0
174730,"The Life of Greece (The Story of Civilization, #2)",Will Durant,"Durant, Will",,"=""1567310133""","=""9781567310139""",0,4.35,Fine Communications,Hardcover,754,1993,1939,,2022/03/31,to-read,to-read (#104),to-read,,,,0,0
174722,"Our Oriental Heritage (The Story of Civilization, #1)",Will Durant,"Durant, Will",,"=""1567310125""","=""9781567310122""",0,4.31,Fine,Hardcover,1047,1993,1935,,2022/03/31,to-read,to-read (#103),to-read,,,,0,0
767171,The Rise and Fall of the Third Reich: A History of Nazi Germany,William L. Shirer,"Shirer, William L.",,"=""0671728687""","=""9780671728687""",0,4.19,Simon & Schuster,Mass Market Paperback,1614,1990,1960,,2022/03/31,to-read,to-read (#102),to-read,,,,0,0
123632,Man and His Symbols,C.G. Jung,"Jung, C.G.","Joseph L. Henderson, Aniela Jaffé, Jolande Jacobi, John    Freeman, Marie-Louise von Franz","=""0440351839""","=""9780440351832""",0,4.18,Dell,Mass Market Paperback,415,1968,1964,,2022/03/31,to-read,to-read (#101),to-read,,,,0,0
234894,The Hero's Adventure: Power of Myth 1,Joseph Campbell,"Campbell, Joseph",Bill Moyers,"=""0942110935""","=""9780942110937""",0,4.36,HighBridge Audio,audio cassette,60,1992,1992,,2022/03/31,to-read,to-read (#100),to-read,,,,0,0
589064,"The Masks of God, Volume 1: Primitive Mythology",Joseph Campbell,"Campbell, Joseph",,"=""0140194436""","=""9780140194432""",0,4.27,Penguin,Paperback,528,1991,1959,,2022/03/31,to-read,to-read (#99),to-read,,,,0,0
821380,Myths to Live By,Joseph Campbell,"Campbell, Joseph",Johnson E. Fairchild,"=""0140194614""","=""9780140194616""",0,4.15,Penguin Compass,Paperback,276,1993,1972,,2022/03/31,to-read,to-read (#98),to-read,,,,0,0
35519,The Power of Myth,Joseph Campbell,"Campbell, Joseph",Bill Moyers,"=""0385418868""","=""9780385418867""",0,4.26,Anchor,Paperback,320,1988,1988,,2022/03/31,to-read,to-read (#97),to-read,,,,0,0
32552,The Essential Tales and Poems of Edgar Allan Poe,Edgar Allan Poe,"Poe, Edgar Allan",Benjamin Franklin Fisher IV,"=""1593080646""","=""9781593080648""",0,4.36,Barnes & Noble Classics,Paperback,688,2004,1843,,2022/03/31,to-read,to-read (#96),to-read,,,,0,0
32275,River Out of Eden: A Darwinian View of Life,Richard Dawkins,"Dawkins, Richard",,"=""0465069908""","=""9780465069903""",0,3.99,HarperCollins Publishers,Paperback,172,1995,1995,,2022/03/26,to-read,to-read (#95),to-read,,,,0,0
174713,The Lessons of History,Will Durant,"Durant, Will",Ariel Durant,"=""1567310249""","=""9781567310245""",0,4.09,"Fine Communications,US",Hardcover,119,1997,1968,,2022/03/26,to-read,to-read (#94),to-read,,,,0,0
41317431,A Template for Understanding Big Debt Crises,Ray Dalio,"Dalio, Ray",,"=""""","=""""",0,4.38,Bridgewater,Kindle Edition,456,2018,2018,,2022/03/19,to-read,to-read (#93),to-read,,,,0,0
12935037,Principles: Summary,Ray Dalio,"Dalio, Ray",,"=""""","=""""",0,4.11,www.bwater.com,ebook,106,2011,2011,,2022/03/19,to-read,to-read (#92),to-read,,,,0,0
76865,Good to Great: Why Some Companies Make the Leap... and Others Don't,James C. Collins,"Collins, James C.",,"=""0066620996""","=""9780066620992""",0,4.13,Harper Business,Hardcover,300,2001,2001,,2022/03/19,to-read,to-read (#91),to-read,,,,0,0
764332,Jason and the Golden Fleece (The Argonautica),Apollonius of Rhodes,"Rhodes, Apollonius of","Richard L. Hunter, R.C. Seaton","=""0192835831""","=""9780192835833""",0,3.82,Oxford University Press,Paperback,175,1998,-250,,2022/03/13,to-read,to-read (#90),to-read,,,,0,0
55240160,"Mastering Blockchain: A Deep Dive Into Distributed Ledgers, Consensus Protocols, Smart Contracts, DApps, Cryptocurrencies, Ethereum, and More",Imran Bashir,"Bashir, Imran",,"=""""","=""""",0,4.40,,Kindle Edition,,2020,,,2022/02/25,to-read,to-read (#87),to-read,,,,0,0
35432045,Mastering Bitcoin: Programming the Open Blockchain,Andreas M. Antonopoulos,"Antonopoulos, Andreas M.",,"=""""","=""""",4,4.31,O'Reilly Media,Kindle Edition,408,2017,2014,2022/02/25,2021/12/02,,,read,,,,1,0
31869077,The Internet of Money,Andreas M. Antonopoulos,"Antonopoulos, Andreas M.",,"=""""","=""""",4,4.06,Merkle Bloom LLC,Kindle Edition,150,2016,,2022/01/31,2021/12/02,,,read,,,,1,0
53582472,MANUAL DO CEO - Um verdadeiro MBA para o gestor do século XXI,Josh Kaufman,"Kaufman, Josh",,"=""""","=""""",0,4.10,,Kindle Edition,,2017,2010,,2021/08/07,to-read,to-read (#26),to-read,,,,0,0
23241059,"Python Crash Course: A Hands-On, Project-Based Introduction to Programming",Eric Matthes,"Matthes, Eric",,"=""1593276036""","=""9781593276034""",0,4.36,No Starch Press,Paperback,560,2015,2015,,2021/12/02,to-read,to-read (#86),to-read,,,,0,0
14744694,Python for Data Analysis,Wes McKinney,"McKinney, Wes",,"=""1449319793""","=""9781449319793""",0,4.15,O'Reilly Media,Paperback,400,2012,2011,,2021/12/02,to-read,to-read (#85),to-read,,,,0,0
80435,Learning Python,Mark Lutz,"Lutz, Mark",David Ascher,"=""0596002815""","=""9780596002817""",0,3.99,O'Reilly Media,Paperback,1214,2003,2013,,2021/12/02,to-read,to-read (#84),to-read,,,,0,0
22514127,Automate the Boring Stuff with Python: Practical Programming for Total Beginners,Al Sweigart,"Sweigart, Al",,"=""1593275994""","=""9781593275990""",0,4.29,No Starch Press,Paperback,479,2015,2014,,2021/12/02,to-read,to-read (#83),to-read,,,,0,0
6452796,Drive: The Surprising Truth About What Motivates Us,Daniel H. Pink,"Pink, Daniel H.",,"=""1594488843""","=""9781594488849""",0,3.95,Riverhead Books,Hardcover,242,2009,2009,,2021/11/13,to-read,to-read (#82),to-read,,,,0,0
13593553,To Sell is Human: The Surprising Truth About Moving Others,Daniel H. Pink,"Pink, Daniel H.",,"=""1594487154""","=""9781594487156""",0,3.88,Riverhead Books,Hardcover,272,2012,2012,,2021/11/13,to-read,to-read (#81),to-read,,,,0,0
52578297,The Midnight Library,Matt Haig,"Haig, Matt",,"=""""","=""""",0,4.03,Viking,Hardcover,304,2020,2020,,2021/11/06,to-read,to-read (#80),to-read,,,,0,0
866222,Winning,Jack Welch,"Welch, Jack",Suzy Welch,"=""0060753943""","=""9780060753948""",0,3.85,Harper Business,Hardcover,384,2005,2005,,2021/10/26,to-read,to-read (#79),to-read,,,,0,0
135836,"Trainspotting (Mark Renton, #2)",Irvine Welsh,"Welsh, Irvine",,"=""0099465892""","=""9780099465898""",0,4.09,Vintage,Paperback,431,1994,1993,,2021/10/17,to-read,to-read (#78),to-read,,,,0,0
36236124,Fight Club,Chuck Palahniuk,"Palahniuk, Chuck",,"=""0393355942""","=""9780393355949""",0,4.19,W. W. Norton  Company,Paperback,224,2018,1996,,2021/10/17,to-read,to-read (#77),to-read,,,,0,0
28676,American Psycho,Bret Easton Ellis,"Ellis, Bret Easton",,"=""0679735771""","=""9780679735779""",0,3.82,Vintage Contemporaries / Random House,Paperback,399,1991,1991,,2021/10/17,to-read,to-read (#76),to-read,,,,0,0
27220736,Shoe Dog: A Memoir by the Creator of Nike,Phil Knight,"Knight, Phil",,"=""1501135910""","=""9781501135910""",5,4.47,Scribner,Hardcover,400,2016,2016,,2021/09/09,,,read,,,,1,0
75893,The Little Book of Value Investing,Christopher H. Browne,"Browne, Christopher H.",Roger Lowenstein,"=""0470055898""","=""9780470055892""",0,4.12,Wiley,Hardcover,208,2006,2006,,2021/10/10,to-read,to-read (#75),to-read,,,,0,0
8247775,The Little Book That Still Beats the Market,Joel Greenblatt,"Greenblatt, Joel",,"=""0470624159""","=""9780470624159""",0,4.05,Wiley,Hardcover,208,2010,2007,,2021/10/10,to-read,to-read (#74),to-read,,,,0,0
11087744,"The Little Book of Valuation: How to Value a Company, Pick a Stock and Profit",Aswath Damodaran,"Damodaran, Aswath",,"=""1118064143""","=""9781118064146""",0,3.98,Wiley,ebook,256,2011,2011,,2021/10/10,to-read,to-read (#73),to-read,,,,0,0
4427672,Warren Buffett and the Interpretation of Financial Statements: The Search for the Company with a Durable Competitive Advantage,Mary Buffett,"Buffett, Mary",David Clark,"=""1416573186""","=""9781416573180""",0,4.02,Scribner,Hardcover,180,2008,2008,,2021/10/10,to-read,to-read (#72),to-read,,,,0,0
93795,"The English Assassin (Gabriel Allon, #2)",Daniel Silva,"Silva, Daniel",,"=""0451208188""","=""9780451208187""",0,4.16,Berkley Books,Paperback,437,2003,2002,,2021/10/09,to-read,to-read (#71),to-read,,,,0,0
51152447,Caste: The Origins of Our Discontents,Isabel Wilkerson,"Wilkerson, Isabel",,"=""0593230256""","=""9780593230251""",0,4.54,Random House,Hardcover,496,2020,2020,,2021/10/09,to-read,to-read (#70),to-read,,,,0,0
27209433,White Trash: The 400-Year Untold History of Class in America,Nancy Isenberg,"Isenberg, Nancy",,"=""0670785970""","=""9780670785971""",0,3.75,Viking,Hardcover,460,2016,2016,,2021/10/09,to-read,to-read (#69),to-read,,,,0,0
41881472,The Psychology of Money,Morgan Housel,"Housel, Morgan",,"=""""","=""""",4,4.38,Harriman House,Paperback,252,2020,2020,2021/10/08,2021/09/06,,,read,,,,1,0
106835,The Intelligent Investor,Benjamin Graham,"Graham, Benjamin","Jason Zweig, Warren Buffett","=""0060555661""","=""9780060555665""",3,4.25,Harper Business,Paperback,623,2006,1949,2021/10/04,2021/08/07,,,read,,,,1,0
568236,A Distant Mirror:  The Calamitous 14th Century,Barbara W. Tuchman,"Tuchman, Barbara W.",,"=""0345349571""","=""9780345349576""",0,4.04,Random House Trade,Paperback,714,1987,1978,,2021/10/05,to-read,to-read (#68),to-read,,,,0,0
114795,Living and Working in Switzerland: A Survival Handbook (Living & Working),David Hampshire,"Hampshire, David",,"=""190113024X""","=""9781901130249""",0,3.79,"Survival Books, Ltd.",Paperback,448,2005,1989,,2021/09/23,to-read,to-read (#67),to-read,,,,0,0
56680994,God of War full story vol.1: The story of Kratos (God of war series),Anmol Rawat,"Rawat, Anmol",,"=""""","=""""",0,3.00,,Kindle Edition,,2019,,,2021/09/12,to-read,to-read (#66),to-read,,,,0,0
6633102,God of War,Matthew Woodring Stover,"Stover, Matthew Woodring",Robert E. Vardeman,"=""034550867X""","=""9780345508676""",0,3.60,Del Rey,Paperback,301,2010,2010,,2021/09/12,to-read,to-read (#65),to-read,,,,0,0
15645,Inferno,Dante Alighieri,"Alighieri, Dante",Anthony Esolen,"=""0812970063""","=""9780812970067""",0,4.02,Modern Library,Paperback,490,2003,1320,,2021/09/12,to-read,to-read (#64),to-read,,,,0,0
2878210,La Divina Comedia,Dante Alighieri,"Alighieri, Dante",Roberto Mares,"=""9706668500""","=""9789706668509""",0,4.07,Grupo Editorial Tomo,Paperback,544,2005,1320,,2021/09/12,to-read,to-read (#63),to-read,,,,0,0
24280,Les Misérables,Victor Hugo,"Hugo, Victor","Norman MacAfee, Charles E. Wilbour, Lee Fahnestock, Isabel Florence Hapgood","=""""","=""""",0,4.19,Penguin,Mass Market Paperback,1463,1987,1862,,2021/09/09,to-read,to-read (#62),to-read,,,,0,0
5907,"The Hobbit (The Lord of the Rings, #0)",J.R.R. Tolkien,"Tolkien, J.R.R.","Douglas A. Anderson, Michael Hague, Jemima Catlin","=""""","=""""",0,4.28,Houghton Mifflin,Paperback,366,2002,1937,,2021/09/09,to-read,to-read (#61),to-read,,,,0,0
17245,Dracula,Bram Stoker,"Stoker, Bram","Rubén Toledo, Nina Auerbach, David J. Skal","=""0393970124""","=""9780393970128""",0,4.01,Norton,Paperback,488,1986,1897,,2021/09/09,to-read,to-read (#60),to-read,,,,0,0
5297,The Picture of Dorian Gray,Oscar Wilde,"Wilde, Oscar",Jeffrey Eugenides,"=""""","=""""",0,4.11,Random House: Modern Library,Paperback,272,2004,1890,,2021/09/09,to-read,to-read (#59),to-read,,,,0,0
34684622,Leonardo da Vinci,Walter Isaacson,"Isaacson, Walter",,"=""1501139150""","=""9781501139154""",0,4.19,Simon & Schuster,Hardcover,600,2017,2017,,2021/09/09,to-read,to-read (#58),to-read,,,,0,0
38359036,"The Tattooist of Auschwitz (The Tattooist of Auschwitz, #1)",Heather   Morris,"Morris, Heather",,"=""006287067X""","=""9780062870674""",0,4.29,Harper,Hardcover,272,2018,2018,,2021/09/09,to-read,to-read (#57),to-read,,,,0,0
29362095,The Fama Portfolio: Selected Papers of Eugene F. Fama,Eugene F. Fama,"Fama, Eugene F.","John H. Cochrane, Tobias J. Moskowitz","=""022642684X""","=""9780226426846""",0,4.60,University of Chicago Press,Hardcover,584,2017,,,2021/09/08,to-read,to-read (#56),to-read,,,,0,0
2618,The Innovator's Solution: Creating and Sustaining Successful Growth,Clayton M. Christensen,"Christensen, Clayton M.",Michael E. Raynor,"=""1578518520""","=""9781578518524""",0,4.04,Harvard Business Review Press,Hardcover,320,2003,2003,,2021/09/03,to-read,to-read (#55),to-read,,,,0,0
113934,The Goal: A Process of Ongoing Improvement,Eliyahu M. Goldratt,"Goldratt, Eliyahu M.",Jeff Cox,"=""0884271781""","=""9780884271789""",0,4.07,North River Press,Paperback,384,2004,1984,,2021/09/03,to-read,to-read (#54),to-read,,,,0,0
376237,Toyota Production System: Beyond large-scale production,Taiichi Ohno,"Ohno, Taiichi",Norman Bodek,"=""0915299143""","=""9780915299140""",0,4.08,Productivity Press ,Hardcover,176,1988,1978,,2021/09/03,to-read,to-read (#53),to-read,,,,0,0
17288803,Hitler’s Elite: The SS 1939-45,Chris McNab,"McNab, Chris",,"=""1782000887""","=""9781782000884""",0,3.84,Osprey Publishing,Hardcover,384,2013,2013,,2021/08/30,to-read,to-read (#52),to-read,,,,0,0
1063799,"Waffen SS: Hitler's Elite Guard at War, 1939 1945",George H. Stein,"Stein, George H.",,"=""0801492750""","=""9780801492754""",0,3.81,Cornell University Press,Paperback,366,1984,1966,,2021/08/30,to-read,to-read (#51),to-read,,,,0,0
13079982,Fahrenheit 451,Ray Bradbury,"Bradbury, Ray",,"=""""","=""""",0,3.97,Simon & Schuster,Kindle Edition,194,2011,1953,,2021/08/28,to-read,to-read (#50),to-read,,,,0,0
343,Perfume: The Story of a Murderer,Patrick Süskind,"Süskind, Patrick",John E. Woods,"=""0140120831""","=""9780140120837""",0,4.03,Penguin Books,Paperback,263,1987,1985,,2021/08/28,to-read,to-read (#49),to-read,,,,0,0
277950,Hagakure: The Book of the Samurai,Yamamoto Tsunetomo,"Tsunetomo, Yamamoto",William Scott Wilson,"=""4770029160""","=""9784770029164""",0,4.03,Kodansha,Hardcover,179,2002,1716,,2021/08/28,to-read,to-read (#48),to-read,,,,0,0
20809254,Foundations of Strength,James Clear,"Clear, James",,"=""""","=""""",0,4.27,,ebook,32,,,,2021/08/28,to-read,to-read (#47),to-read,,,,0,0
23397038,Mastering Creativity,James Clear,"Clear, James",,"=""""","=""""",0,4.16,,ebook,36,,,,2021/08/28,to-read,to-read (#46),to-read,,,,0,0
20809233,Transform Your Habits,James Clear,"Clear, James",,"=""""","=""""",0,4.25,,ebook,45,,,,2021/08/28,to-read,to-read (#45),to-read,,,,0,0
52950915,Die with Zero: Getting All You Can from Your Money and Your Life,Bill Perkins,"Perkins, Bill",,"=""0358099765""","=""9780358099765""",0,3.92,Houghton Mifflin Harcourt,Hardcover,240,2020,2020,,2021/08/24,to-read,to-read (#44),to-read,,,,0,0
33514,The Elements of Style,William Strunk Jr.,"Jr., William Strunk",E.B. White,"=""""","=""""",0,4.17,Allyn & Bacon,Hardcover,105,1999,1918,,2021/08/21,to-read,to-read (#43),to-read,,,,0,0
40121378,Atomic Habits: An Easy & Proven Way to Build Good Habits & Break Bad Ones,James Clear,"Clear, James",,"=""""","=""""",0,4.38,Avery,Kindle Edition,319,2018,2018,,2021/08/17,to-read,to-read (#42),to-read,,,,2,0
3228917,Outliers: The Story of Success,Malcolm Gladwell,"Gladwell, Malcolm",,"=""0316017922""","=""9780316017923""",0,4.19,"Little, Brown and Company",Hardcover,309,2008,2008,,2021/08/17,to-read,to-read (#41),to-read,,,,0,0
7108725,Start with Why: How Great Leaders Inspire Everyone to Take Action,Simon Sinek,"Sinek, Simon",,"=""1591842808""","=""9781591842804""",0,4.10,Portfolio,Hardcover,256,2009,2009,,2021/08/17,to-read,to-read (#40),to-read,,,,0,0
844935,Master-Key to Riches,Napoleon Hill,"Hill, Napoleon",,"=""0449213501""","=""9780449213506""",0,4.27,Fawcett,Paperback,208,1986,1945,,2021/08/17,to-read,to-read (#39),to-read,,,,0,0
10713286,Outwitting the Devil: The Secret to Freedom and Success,Napoleon Hill,"Hill, Napoleon","Sharon L. Lechter, Mark Victor Hansen, Michael Bernard Beckwith","=""1402784538""","=""9781402784538""",0,4.25,Sterling,Hardcover,288,2011,2011,,2021/08/17,to-read,to-read (#38),to-read,,,,0,0
53138083,"Working Backwards: Insights, Stories, and Secrets from Inside Amazon",Colin Bryar,"Bryar, Colin",Bill  Carr,"=""1250267595""","=""9781250267597""",0,4.24,St. Martin's Press,Hardcover,304,2021,2021,,2021/08/15,to-read,to-read (#37),to-read,,,,0,0
56695159,Amazon Unbound: Jeff Bezos and the Invention of a Global Empire,Brad Stone,"Stone, Brad",,"=""1982132612""","=""9781982132613""",0,4.10,Simon & Schuster,Hardcover,496,2021,2021,,2021/08/15,to-read,to-read (#36),to-read,,,,0,0
81922,Rich Dad's Cashflow Quadrant: Rich Dad's Guide to Financial Freedom,Robert T. Kiyosaki,"Kiyosaki, Robert T.",Sharon L. Lechter,"=""0446677477""","=""9780446677479""",0,4.13,Business Plus,Paperback,376,2012,,,2021/08/14,to-read,to-read (#35),to-read,,,,0,0
2272527,Rich Dad's Increase Your Financial IQ: Get Smarter with Your Money,Robert T. Kiyosaki,"Kiyosaki, Robert T.",,"=""0446509361""","=""9780446509367""",0,4.07,Business Plus,Paperback,240,2008,,,2021/08/14,to-read,to-read (#34),to-read,,,,0,0
32393,The Stock Shop,Peter Lynch,"Lynch, Peter",,"=""0395886112""","=""9780395886113""",0,4.31,Houghton Mifflin Interactive,CD-ROM,1,1998,1998,,2021/08/14,to-read,to-read (#33),to-read,,,,0,0
762464,Beating the Street,Peter Lynch,"Lynch, Peter",John Rothchild,"=""0671891634""","=""9780671891633""",0,4.08,Simon  Schuster,Paperback,336,1994,1992,,2021/08/14,to-read,to-read (#32),to-read,,,,0,0
817589,Learn to Earn: A Beginner's Guide to the Basics of Investing and Business,Peter Lynch,"Lynch, Peter",John Rothchild,"=""0684811634""","=""9780684811635""",0,4.05,Simon  Schuster,Paperback,272,1996,1995,,2021/08/14,to-read,to-read (#31),to-read,,,,0,0
762462,One Up On Wall Street: How to Use What You Already Know to Make Money in the Market,Peter Lynch,"Lynch, Peter",John Rothchild,"=""0743200403""","=""9780743200400""",0,4.26,Simon  Schuster,Paperback,304,2000,1988,,2021/08/14,to-read,to-read (#30),to-read,,,,0,0
110672,The Only Investment Guide You'll Ever Need: Expanded and Updated Throughout,Andrew Tobias,"Tobias, Andrew",,"=""0156029634""","=""9780156029636""",0,3.91,Harvest Books,Paperback,287,2005,1978,,2021/08/14,to-read,to-read (#29),to-read,,,,0,0
998,The Millionaire Next Door: The Surprising Secrets of America's Wealthy,Thomas J. Stanley,"Stanley, Thomas J.",William D. Danko,"=""0671015206""","=""9780671015206""",0,4.06,Gallery Books,Paperback,258,1998,1995,,2021/08/14,to-read,to-read (#28),to-read,,,,0,0
69571,"Rich Dad, Poor Dad",Robert T. Kiyosaki,"Kiyosaki, Robert T.",Sharon L. Lechter,"=""0751532711""","=""9780751532715""",5,4.12,Time Warner Books UK,Paperback,195,2007,1997,,2021/08/07,,,read,,,,1,0
1052,The Richest Man in Babylon,George S. Clason,"Clason, George S.",,"=""0451205367""","=""9780451205360""",4,4.26,Berkley Books,Paperback,194,2008,1926,,2021/07/27,,,read,,,,1,0
25541028,"Elon Musk: Tesla, SpaceX, and the Quest for a Fantastic Future",Ashlee Vance,"Vance, Ashlee",,"=""0062301233""","=""9780062301239""",0,4.20,Ecco,Hardcover,392,2015,2015,,2021/08/08,to-read,to-read (#27),to-read,,,,0,0
11889928,Worldly Wisdom: Collected Quotations and Aphorisms,Josh Kaufman,"Kaufman, Josh",,"=""""","=""""",0,3.97,Worldly Wisdom Ventures LLC,Kindle Edition,,2011,2011,,2021/08/07,to-read,to-read (#25),to-read,,,,0,0
4122,Built to Last: Successful Habits of Visionary Companies,James C. Collins,"Collins, James C.",Jerry I. Porras,"=""0060566108""","=""9780060566104""",0,4.05,Harper Business,Hardcover,368,2004,1994,,2021/08/07,to-read,to-read (#24),to-read,,,,0,0
7696135,Making Ideas Happen: Overcoming the Obstacles Between Vision and Reality,Scott Belsky,"Belsky, Scott",,"=""159184312X""","=""9781591843122""",0,4.01,Portfolio,Hardcover,256,2010,2010,,2021/08/07,to-read,to-read (#23),to-read,,,,0,0
4898,Blue Ocean Strategy: How to Create Uncontested Market Space and Make the Competition Irrelevant,W. Chan Kim,"Kim, W. Chan",Renée Mauborgne,"=""1591396190""","=""9781591396192""",0,3.99,Harvard Business Review Press,Hardcover,240,2005,1994,,2021/08/07,to-read,to-read (#22),to-read,,,,0,0
12605157,"The $100 Startup: Reinvent the Way You Make a Living, Do What You Love, and Create a New Future",Chris Guillebeau,"Guillebeau, Chris",,"=""0307951529""","=""9780307951526""",0,3.87,Crown Business,Hardcover,268,2012,2012,,2021/08/07,to-read,to-read (#21),to-read,,,,0,0
5152210,Financial Intelligence for Entrepreneurs: What You Really Need to Know About the Numbers,Karen Berman,"Berman, Karen",Joe Knight,"=""1422119157""","=""9781422119150""",0,4.13,Harvard Business Review Press,Paperback,262,2008,2008,,2021/08/07,to-read,to-read (#20),to-read,,,,0,0
9512985,The Personal MBA: Master the Art of Business,Josh Kaufman,"Kaufman, Josh",,"=""1591843529""","=""9781591843528""",0,4.10,Portfolio,Hardcover,416,2010,2010,,2021/08/07,to-read,to-read (#19),to-read,,,,0,0
209956,The Warren Buffett Way: Investment Strategies of the World's Greatest Investor,Robert G. Hagstrom,"Hagstrom, Robert G.",Peter S. Lynch,"=""0471177504""","=""9780471177500""",0,4.16,Wiley,Paperback,274,1997,2007,,2021/08/07,to-read,to-read (#18),to-read,,,,0,0
30289,The Republic,Plato,"Plato, Plato","Desmond Lee, Maria Helena da Rocha Pereira, Leonel Vallandro, Benjamin Jowett","=""0140449140""","=""9780140449143""",0,3.96,Penguin Classics,Paperback,416,2003,-375,,2021/08/07,to-read,to-read (#17),to-read,,,,0,0
28257707,The Subtle Art of Not Giving a F*ck: A Counterintuitive Approach to Living a Good Life,Mark Manson,"Manson, Mark",,"=""""","=""""",0,3.91,Harper,Paperback,212,2016,2016,,2021/08/07,to-read,to-read (#16),to-read,,,,0,0
23692271,Sapiens: A Brief History of Humankind,Yuval Noah Harari,"Harari, Yuval Noah",,"=""""","=""""",0,4.38,Vintage,Paperback,512,2015,2011,,2021/08/07,to-read,to-read (#15),to-read,,,,0,0
30474,The Communist Manifesto,Karl Marx,"Marx, Karl","Friedrich Engels, Leon Trotsky, Samuel Moore, Erkin Özalp, Amanda Lee, Antonio Carlos Braga, Aldrin Alexander Evies, Oqtay Eloğlu","=""0140447571""","=""9780140447576""",0,3.63,Penguin Classics,Paperback,288,2002,1848,,2021/08/07,to-read,to-read (#14),to-read,,,,0,0
867247,A Book of Five Rings: The Classic Guide to Strategy,Miyamoto Musashi,"Musashi, Miyamoto","Victor Harris, Lew Hartman","=""0517415283""","=""9780517415283""",0,4.00,Gramercy Books,Hardcover,192,1988,1645,,2021/08/07,to-read,to-read (#13),to-read,,,,0,0
67896,Tao Te Ching,Lao Tzu,"Tzu, Lao","Jacob Needleman, Brian Browne Walker, Jane English, James Legge, Toinette Lippe, Vladimir Antonov, Claudio Lamparelli, Gia-Fu Feng, Mikhail Nikolenko","=""0679724346""","=""9780679724346""",0,4.29,Vintage,Paperback,160,1989,-350,,2021/08/07,to-read,to-read (#12),to-read,,,,0,0
30659,Meditations,Marcus Aurelius,"Aurelius, Marcus","George Long, Diskin Clay, Martin Hammond, Duncan Steen, Edwin Ginn","=""0140449337""","=""9780140449334""",0,4.26,Penguin Books,Paperback,254,2006,180,,2021/08/07,to-read,to-read (#11),to-read,,,,0,0
763362,The One Minute Manager,Kenneth H. Blanchard,"Blanchard, Kenneth H.",Spencer Johnson,"=""0688014291""","=""9780688014292""",0,3.94,William Morrow & Company,Hardcover,111,2003,1981,,2021/08/07,to-read,to-read (#10),to-read,,,,0,0
325785,"Capital: A Critique of Political Economy, Volume 1",Karl Marx,"Marx, Karl","Ernest Mandel, Ben Fowkes","=""0140445684""","=""9780140445688""",0,4.26,Penguin Classics,Paperback,1152,1990,1867,,2021/07/31,to-read,to-read (#9),to-read,,,,0,0
170448,Animal Farm,George Orwell,"Orwell, George","Russell Baker, C.M. Woodhouse","=""0451526341""","=""9780451526342""",0,3.98,Signet Classics,Mass Market Paperback,141,1996,1945,,2021/07/31,to-read,to-read (#8),to-read,,,,0,0
40961427,1984,George Orwell,"Orwell, George",,"=""""","=""""",0,4.19,Houghton Mifflin Harcourt,Kindle Edition,298,2013,1949,,2021/07/31,to-read,to-read (#7),to-read,,,,0,0
2657,To Kill a Mockingbird,Harper Lee,"Lee, Harper",,"=""""","=""""",0,4.27,Harper Perennial Modern Classics ,Paperback,336,2006,1960,,2021/07/31,to-read,to-read (#6),to-read,,,,0,0
11468377,"Thinking, Fast and Slow",Daniel Kahneman,"Kahneman, Daniel",,"=""0374275637""","=""9780374275631""",0,4.18,"Farrar, Straus and Giroux",Hardcover,499,2011,2011,,2021/07/31,to-read,to-read (#5),to-read,,,,0,0
11084145,Steve Jobs,Walter Isaacson,"Isaacson, Walter",,"=""1451648537""","=""9781451648539""",0,4.16,Simon & Schuster,Hardcover,630,2011,2011,,2021/07/31,to-read,to-read (#4),to-read,,,,0,0
30186948,Think and Grow Rich,Napoleon Hill,"Hill, Napoleon","Bill Hartley, Ann Hartley, Ben Holden-Crowther, Muhammad Ghous Siddiqui","=""""","=""""",0,4.18,,Paperback,233,2016,1937,,2021/07/31,to-read,to-read (#3),to-read,,,,0,0
36072,The 7 Habits of Highly Effective People: Powerful Lessons in Personal Change,Stephen R. Covey,"Covey, Stephen R.",Jim Collins,"=""0743269519""","=""9780743269513""",0,4.15,Free Press,Paperback,372,2004,1988,,2021/07/27,to-read,to-read (#2),to-read,,,,0,0
4865,How to Win Friends and Influence People,Dale Carnegie,"Carnegie, Dale",,"=""""","=""""",0,4.21,Gallery Books,Paperback,288,1998,1936,,2021/07/27,to-read,to-read (#1),to-read,,,,0,0
10534,The Art of War,Sun Tzu,"Tzu, Sun",Thomas Cleary,"=""""","=""""",4,3.97,Harper Press,Paperback,273,2005,-500,2021/07/27,2021/07/27,,,read,,,,1,0
